[
  {
    "nickname": "Vojtisek",
    "password": "6333fc83b1df5ee1f9571397e6a81234"
  },
  {
    "nickname": "dan",
    "password": "9180b4da3f0c7e80975fad685f7f134e"
  },
  {
    "nickname": "dans",
    "password": "9180b4da3f0c7e80975fad685f7f134e"
  },
  {
    "nickname": "dansa",
    "password": "7441d6f12a150a5c0c8eb64b780af62b"
  },
  {
    "nickname": "dansad",
    "password": "6756cee176acc21516701e50b2650b82"
  },
  {
    "nickname": "sdsds",
    "password": "5c7d0c90cf9e0ce560956179e8e82e7d"
  }
]